name,x,y,z,gear
11C1.9503.MON-MPI,-0.133,-0.157,-0.003,1
Adam-1.9609.MON-MPI,-0.133,-0.157,-0.003,1
Aedal-1.GMI,0.073,-0.008,0.012,2
Ag.0.SALK,-0.093,-0.022,-0.023,1
Agu-1.MPI,0.038,0.013,-0.028,2
Aiell-1.9646.MON-MPI,0.073,-0.008,0.012,2
Aitba-1.9606.MON-MPI,-0.042,-0.033,0.058,1
Ale-Stenar-44-4.GMI,0.073,-0.008,0.012,2
Ale-Stenar-64-24.GMI,0.073,-0.008,0.012,2
Alst.1.SALK,-0.079,-0.032,-0.006,1
An.1.SALK,0.116,0.014,0.011,2
App1-12.GMI,0.038,0.013,-0.028,2
ARGE-1-15.9911.MON-MPI,-0.079,-0.032,-0.007,1
ARR-17.9927.MON-MPI,-0.042,-0.033,0.058,1
Baa1-2.GMI,0.073,-0.008,0.012,2
Baa4-1.GMI,0.073,-0.008,0.012,2
Baa5-1.GMI,0.073,-0.008,0.012,2
Bach-7.9778.MON-MPI,0.038,0.013,-0.028,2
Bach2-1.9796.MON-MPI,0.038,0.013,-0.028,2
Bai-10.9779.MON-MPI,0.038,0.013,-0.028,2
Bak-7.MPI,0.073,-0.008,0.012,2
Balan-1.9613.MON-MPI,-0.133,-0.157,-0.003,1
Basta-1.9619.MON-MPI,-0.148,0.075,0.019,3
Basta-2.9620.MON-MPI,-0.148,0.075,0.019,3
Bg.2.SALK,-0.133,-0.157,-0.003,1
Bil-5.GMI,-0.122,0.04,0.005,3
Bil-7.GMI,-0.122,0.04,0.005,3
Bivio-1.9649.MON-MPI,-0.079,-0.031,-0.007,1
Bla.1.SALK,-0.03,0.003,-0.159,3
Blh-1.JGI,0.058,-0.016,0.023,2
Boot.1.SALK,-0.079,-0.032,-0.006,1
Bor.4.SALK,0.045,0.008,-0.029,2
Borky1.428.MON-MPI,0.06,-0.001,-0.035,2
BRE-14.9919.MON-MPI,0.073,-0.008,0.012,2
Broesarp-34-145.GMI,-0.122,0.04,0.005,3
Broet1-6.GMI,0.134,0.023,0.032,2
Bs.1.SALK,-0.036,-0.016,-0.004,1
Bur-0.MPI,-0.079,-0.032,-0.006,1
Bur-0.WTC,-0.079,-0.032,-0.006,1
Cal.0.SALK,-0.079,-0.032,-0.006,1
Can-0.WTC,0.107,0.012,0.02,2
Castelfed-1-197.9681.MON-MPI,-0.147,0.072,0.017,3
CATS-6.9937.MON-MPI,0.038,0.013,-0.028,2
Cdm-0.MPI,-0.095,0.003,0.007,1
CHA-41.932.MON-MPI,-0.133,-0.157,-0.003,1
CIBC.5.SALK,-0.133,-0.157,-0.003,1
Cnt-1.5726.MON-MPI,0.038,0.013,-0.028,2
Cnt.1.SALK,0.045,0.008,-0.029,2
Co.SALK,0.073,-0.008,0.012,2
Col-0.MPI,-0.07,-0.015,-0.017,1
CON-7.9913.MON-MPI,0.038,0.013,-0.028,2
Corig-1.9650.MON-MPI,0.073,-0.008,0.012,2
Ct-1.WTC,0.038,0.013,-0.028,2
Cvi-0.SALK,0.044,0.01,-0.124,2
Cvi.0.SALK,-0.03,0,-0.087,3
Da1.12.SALK,0.002,-0.002,-0.02,2
Del-10.MPI,0.038,0.013,-0.028,2
Doer-10.GMI,-0.145,0.072,0.018,3
Dog-4.MPI,0.038,0.013,-0.028,2
Dolna-1.9712.MON-MPI,-0.042,-0.033,0.058,1
Don-0.MPI,-0.079,-0.031,-0.007,1
Dospa-1.9706.MON-MPI,0.038,0.013,-0.028,2
Dra3-1.GMI,0.038,0.013,-0.028,2
Draha2.424.MON-MPI,0.038,0.013,-0.028,2
DraII-6.5874.MON-MPI,0.058,-0.016,0.023,2
DraII.1.SALK,0.058,-0.016,0.023,2
DraIII.1.SALK,0.058,-0.016,0.023,2
DraIV.5907.MON-MPI,0.073,-0.008,0.012,2
DraIV.5950.MON-MPI,0.073,-0.008,0.012,2
DraIV.5984.MON-MPI,-0.122,0.04,0.005,3
DraIV.5993.MON-MPI,0.073,-0.008,0.012,2
Eden-1.GMI,0.073,-0.008,0.012,2
Eden-2.GMI,-0.122,0.04,0.005,3
Eden-7.GMI,0.073,-0.008,0.012,2
Eds-1.GMI,0.104,0.012,0.018,2
Eds-9.GMI,0.073,-0.008,0.012,2
El.0.SALK,-0.042,-0.033,0.058,1
En.1.SALK,0.002,-0.002,-0.015,2
ENC-2-1.9907.MON-MPI,-0.122,0.04,0.005,3
Er.0.SALK,0.08,0.014,0.009,2
ESP-1-11.9908.MON-MPI,-0.079,-0.032,-0.007,1
Etna.2.SALK,0.073,-0.008,0.012,2
Faeb-4.GMI,-0.019,-0.014,0.084,1
Fael-1.GMI,0.038,0.013,-0.028,2
Fei-0.MPI,-0.093,-0.022,-0.023,1
Fell1-10.9814.MON-MPI,0.038,0.013,-0.028,2
Filet-1.9651.MON-MPI,0.137,0.023,0.036,2
Fjae1-1.GMI,0.073,-0.008,0.012,2
Fly2-2.GMI,0.038,0.013,-0.028,2
Fr.2.SALK,-0.079,-0.033,-0.007,1
Fri.2.GMI,0.073,-0.008,0.012,2
Furni-1.9743.MON-MPI,0.048,-0.063,0.019,2
Ga.0.SALK,0.039,0.013,-0.033,2
Ge.0.SALK,-0.122,0.04,0.005,3
GEN-8.9909.MON-MPI,-0.122,0.04,0.005,3
Gn2-3.9790.MON-MPI,0.038,0.013,-0.028,2
Goced-1.9698.MON-MPI,-0.036,0.001,-0.023,3
Gr-5.7158.MON-MPI,-0.001,-0.014,0.031,2
Gr.1.SALK,0.008,-0.01,-0.018,2
Gradi-1.9645.MON-MPI,0.073,-0.008,0.012,2
Gro-3.GMI,0.073,-0.008,0.012,2
Groen-12.GMI,0.073,-0.008,0.012,2
Groen-14.GMI,0.073,-0.008,0.012,2
Ha-HBT2-10.9797.MON-MPI,0.038,0.013,-0.028,2
Ha-S-B.9800.MON-MPI,-0.133,-0.157,-0.003,1
Had-1.GMI,-0.036,-0.016,-0.004,1
Had-2.GMI,-0.036,-0.016,-0.004,1
Haes-1.9791.MON-MPI,-0.122,0.04,0.005,3
Hel-3.GMI,0.106,0.01,0.021,2
HKT2.4.MPI,0.038,0.013,-0.028,2
Hod.SALK,0.038,0.013,-0.028,2
Hov4-1.GMI,0.073,-0.008,0.012,2
HR.10.SALK,0.002,-0.002,-0.015,2
HSm.SALK,-0.079,-0.032,-0.007,1
Iasi-1.9744.MON-MPI,0.107,0.012,0.02,2
ICE102.MPI,0.038,0.013,-0.028,2
ICE104.MPI,0.073,-0.008,0.012,2
ICE106.MPI,0.038,0.013,-0.028,2
ICE111.MPI,0.038,0.013,-0.028,2
ICE127.MPI,0.105,0.011,0.018,2
ICE134.MPI,-0.148,0.075,0.019,3
ICE163.MPI,-0.094,-0.019,-0.017,1
ICE169.MPI,0.038,0.013,-0.028,2
ICE173.MPI,0.038,0.013,-0.028,2
ICE181.MPI,-0.147,0.072,0.017,3
ICE29.MPI,0.038,0.013,-0.028,2
ICE36.MPI,0.073,-0.008,0.012,2
ICE49.MPI,0.073,-0.008,0.012,2
ICE50.MPI,0.073,-0.008,0.012,2
ICE60.MPI,0.105,0.011,0.018,2
ICE61.MPI,0.105,0.011,0.018,2
ICE7.MPI,-0.146,0.071,0.017,3
ICE70.MPI,-0.133,-0.157,-0.003,1
ICE71.MPI,0.06,-0.001,-0.035,2
ICE72.MPI,0.105,0.011,0.018,2
ICE75.MPI,-0.148,0.075,0.019,3
ICE79.MPI,0.073,-0.008,0.012,2
ICE91.MPI,0.038,0.013,-0.028,2
ICE92.MPI,0.058,-0.016,0.023,2
ICE93.MPI,-0.079,-0.032,-0.006,1
ICE97.MPI,-0.079,-0.032,-0.006,1
ICE98.MPI,-0.042,-0.033,0.058,1
IP-Ang-0.9519.MON-MPI,0.073,-0.008,0.012,2
IP-Bar-1.9521.MON-MPI,-0.079,-0.032,-0.006,1
IP-Bea-0.9522.MON-MPI,-0.078,-0.031,-0.006,1
IP-Ben-0.9523.MON-MPI,-0.042,-0.033,0.058,1
IP-Ber-0.9524.MON-MPI,0.104,0.013,0.02,2
IP-Bis-0.9525.MON-MPI,-0.122,0.04,0.005,3
IP-Cab-3.9526.MON-MPI,0.073,-0.008,0.012,2
IP-Cad-0.9527.MON-MPI,0.038,0.013,-0.028,2
IP-Cap-1.9529.MON-MPI,0.058,-0.016,0.023,2
IP-Car-1.9530.MON-MPI,-0.095,0.003,0.007,1
IP-Cdo-0.9532.MON-MPI,0.105,0.011,0.017,2
IP-Cum-1.9537.MON-MPI,-0.095,0.003,0.007,1
IP-Cur-4.9538.MON-MPI,0.073,-0.008,0.012,2
IP-Deh-1.9539.MON-MPI,-0.122,0.04,0.005,3
IP-Fun-0.9542.MON-MPI,0.105,0.011,0.018,2
IP-Hom-4.9546.MON-MPI,-0.079,-0.032,-0.006,1
IP-Lab-7.9552.MON-MPI,0.073,-0.008,0.012,2
IP-Lso-0.9554.MON-MPI,-0.08,-0.032,-0.008,1
IP-Moa-0.9557.MON-MPI,-0.122,0.04,0.005,3
IP-Moc-11.9558.MON-MPI,0.104,0.013,0.02,2
IP-Mon-5.9559.MON-MPI,0.062,0.087,0.045,2
IP-Pal-0.9567.MON-MPI,-0.093,-0.022,-0.023,1
IP-Rei-0.9510.MON-MPI,-0.095,0.003,0.007,1
IP-Ria-0.9577.MON-MPI,0.073,-0.008,0.012,2
IP-Sac-0.9578.MON-MPI,0.073,-0.008,0.012,2
IP-Sdv-3.9581.MON-MPI,0.105,0.011,0.018,2
IP-Stp-0.9584.MON-MPI,0.038,0.013,-0.028,2
IP-Svi-0.9585.MON-MPI,0.073,-0.008,0.012,2
IP-Tdc-0.9587.MON-MPI,0.104,0.013,0.02,2
IP-Tol-7.9588.MON-MPI,0.073,-0.008,0.012,2
IP-Trs-0.9590.MON-MPI,-0.036,-0.016,-0.004,1
IP-Vad-0.9591.MON-MPI,0.002,-0.002,-0.015,2
IP-Vae-2.9592.MON-MPI,0.073,-0.008,0.012,2
IP-Vid-1.9512.MON-MPI,-0.095,0.003,0.007,1
IP-Vim-0.9598.MON-MPI,-0.079,-0.031,-0.007,1
IP-Vin-0.9599.MON-MPI,-0.042,-0.033,0.058,1
IP-Voz-0.9601.MON-MPI,0.073,-0.008,0.012,2
ISS-20.9929.MON-MPI,-0.122,0.04,0.005,3
IST-29.9914.MON-MPI,0.038,0.013,-0.028,2
Je.0.SALK,0.039,0.013,-0.033,2
Jea.JGI,-0.079,-0.031,-0.007,1
K-oze-1.9629.MON-MPI,0.105,0.011,0.018,2
K-oze-3.9630.MON-MPI,-0.148,0.075,0.019,3
Kaevlinge-1.GMI,0.038,0.013,-0.028,2
Kal-2.GMI,0.058,-0.016,0.023,2
Karag-1.9617.MON-MPI,0.058,-0.016,0.023,2
Karag-2.9608.MON-MPI,-0.121,-0.106,-0.02,1
Kastel-1.MPI,0.107,0.012,0.02,2
Kent.SALK,0.055,-0.015,0.047,2
Kin.0.SALK,-0.122,0.04,0.005,3
Kn-0.WTC,0.105,0.011,0.018,2
Knjas-1.9749.MON-MPI,-0.042,-0.033,0.058,1
Ko.2.SALK,0.08,0.014,0.009,2
Koln.SALK,0.038,0.013,-0.028,2
Kolyv-2.9625.MON-MPI,-0.148,0.075,0.019,3
Kolyv-3.9626.MON-MPI,0.105,0.011,0.018,2
Kolyv-5.9627.MON-MPI,-0.148,0.075,0.019,3
Kolyv-6.9628.MON-MPI,-0.172,0.082,0.054,3
Koren-1.9719.MON-MPI,0.078,-0.004,0.039,2
Krot.0.SALK,-0.122,0.04,0.005,3
Kulturen-1.GMI,0.058,-0.016,0.023,2
Lag1-6.9104.MON-MPI,0.038,0.013,-0.028,2
Lan-1.GMI,0.038,0.013,-0.028,2
Lan.0.SALK,0.073,-0.008,0.006,2
LDV-18.108.MON-MPI,0.073,-0.008,0.012,2
LDV-46.139.MON-MPI,0.073,-0.008,0.012,2
Lebja-2.9632.MON-MPI,-0.148,0.075,0.019,3
LEC-25.9930.MON-MPI,0.058,-0.016,0.023,2
Leo-1.MPI,0.073,-0.008,0.012,2
Leska-1.9716.MON-MPI,-0.079,-0.031,-0.007,1
Lesno-1.9611.MON-MPI,-0.079,-0.031,-0.007,1
Lesno-2.9612.MON-MPI,-0.133,-0.157,-0.003,1
Lesno-4.9610.MON-MPI,-0.079,-0.031,-0.007,1
LI-OF-065.630.MON-MPI,-0.093,-0.022,-0.023,1
Li.21.SALK,0.045,0.008,-0.029,2
Lilloe-1.GMI,0.073,-0.008,0.012,2
Liri-1.9654.MON-MPI,-0.148,0.075,0.019,3
Lis-2.GMI,0.073,-0.008,0.012,2
Lis-3.GMI,0.038,0.013,-0.028,2
LL.0.SALK,-0.03,0.003,-0.159,3
love-1.GMI,0.038,0.013,-0.028,2
love-5.GMI,0.038,0.013,-0.028,2
Lp2.2.SALK,0.045,0.008,-0.029,2
Lu3-30.9782.MON-MPI,-0.079,-0.032,-0.007,1
Lu4-2.9792.MON-MPI,-0.079,-0.032,-0.007,1
Masl-1.9634.MON-MPI,-0.148,0.075,0.019,3
Mc.0.SALK,-0.093,-0.022,-0.023,1
Melni-2.9704.MON-MPI,0.105,0.011,0.018,2
Mer-6.MPI,0.107,0.012,0.02,2
Mir.0.SALK,0.054,-0.016,0.044,2
Mitterberg-1-180.9665.MON-MPI,0.073,-0.008,0.012,2
Mitterberg-1-182.9666.MON-MPI,-0.147,0.072,0.017,3
Mitterberg-1-183.9667.MON-MPI,0.037,0.004,0.008,2
Mitterberg-2-185.9669.MON-MPI,-0.114,0.023,-0.004,3
Mitterberg-3-187.9671.MON-MPI,-0.147,0.072,0.017,3
MNF-Riv-21.1890.MON-MPI,0.038,0.013,-0.028,2
Muh-2.9803.MON-MPI,-0.044,-0.026,0.069,1
Mz.0.SALK,-0.152,-0.172,-0.026,1
Naes-2.GMI,-0.122,0.04,0.005,3
Nemrut-1.MPI,0.058,-0.016,0.023,2
NFA.10.SALK,0.106,0.011,0.019,2
Nicas-1.9658.MON-MPI,-0.042,-0.033,0.058,1
No-0.WTC,-0.042,-0.033,0.058,1
Nosov-1.9635.MON-MPI,-0.148,0.075,0.019,3
Noveg-1.9636.MON-MPI,-0.148,0.075,0.019,3
Noveg-2.9637.MON-MPI,-0.148,0.075,0.019,3
Noveg-3.9638.MON-MPI,-0.148,0.075,0.019,3
NOZ-6.9932.MON-MPI,-0.122,0.04,0.005,3
Nyl-13.GMI,0.073,-0.008,0.012,2
Nyl-2.GMI,-0.122,0.04,0.005,3
Obe1-15.9804.MON-MPI,0.105,0.011,0.018,2
Obh-13.9789.MON-MPI,0.038,0.013,-0.028,2
Oede-2.GMI,-0.122,0.04,0.005,3
Old.1.SALK,0.08,0.014,0.009,2
Olympia-2.9727.MON-MPI,0.073,-0.008,0.012,2
Omn-1.GMI,-0.122,0.04,0.005,3
Omn-5.GMI,-0.122,0.04,0.005,3
Oy-0.JGI,0.073,-0.008,0.012,2
Oy-0.WTC,0.073,-0.008,0.012,2
Panik-1.9607.MON-MPI,-0.148,0.075,0.019,3
Parti-1.9615.MON-MPI,-0.079,-0.031,-0.007,1
Paw-26.2171.MON-MPI,0.105,0.011,0.018,2
Per.1.SALK,-0.002,-0.062,0.045,1
Pfn-10.9805.MON-MPI,0.038,0.013,-0.028,2
Pi.0.SALK,0.008,-0.01,-0.018,2
Pigna-1.9659.MON-MPI,0.137,0.023,0.036,2
Pna.17.SALK,0.038,0.013,-0.028,2
PNA3.40.7947.MON-MPI,0.105,0.011,0.018,2
Po-0.WTC,0.105,0.011,0.018,2
Pra-6.MPI,0.073,-0.008,0.012,2
Pt.0.SALK,0.081,0.015,0.009,2
Pu2.23.SALK,0.041,-0.003,0.029,2
Pu2.8.SALK,0.038,0.013,-0.028,2
Puk-2.GMI,0.058,-0.016,0.023,2
Qar.8a.SALK,0.057,-0.016,0.021,2
Ra.0.SALK,-0.093,-0.022,-0.023,1
Rakit-1.9640.MON-MPI,-0.148,0.075,0.019,3
Rakit-3.9642.MON-MPI,0.06,-0.001,-0.035,2
Ren.1.SALK,-0.079,-0.031,-0.007,1
Rennes.1.SALK,-0.079,-0.031,-0.007,1
Rev-2.GMI,-0.133,-0.157,-0.003,1
Ri-0.JGI,-0.122,0.04,0.005,3
Rome.1.SALK,0.117,0.015,0.013,2
Rsch-4.WTC,0.138,0.023,0.037,2
Ru-2.9806.MON-MPI,-0.079,-0.032,-0.007,1
Rubeznhoe.1.SALK,-0.091,-0.021,-0.019,1
Rue3-1-31.MPI,0.038,0.013,-0.028,2
RUM-20.9925.MON-MPI,0.107,0.012,0.02,2
Sanna-2.GMI,0.073,-0.008,0.012,2
Schip-1.9721.MON-MPI,-0.133,-0.157,-0.003,1
Schl-7.9807.MON-MPI,-0.079,-0.031,-0.007,1
Se.0.SALK,0.052,0.029,-0.185,2
Seattle.0.SALK,-0.122,0.04,0.005,3
Sever-1.9643.MON-MPI,-0.148,0.075,0.019,3
Sf-2.WTC,0.064,0.008,-0.217,2
Sf.1.SALK,0.052,0.029,-0.185,2
Sg.1.SALK,-0.079,-0.032,-0.007,1
Sim-1.GMI,0.073,-0.008,0.012,2
Smolj-1.9718.MON-MPI,-0.036,-0.016,-0.004,1
Sparta-1.GMI,0.038,0.013,-0.028,2
Spr1-2.GMI,0.073,-0.008,0.012,2
Spr1-6.GMI,0.073,-0.008,0.012,2
Spro-3.GMI,0.073,-0.008,0.012,2
Sq.1.SALK,-0.122,0.04,0.005,3
Sr5.GMI,0.073,-0.008,0.012,2
St-0.GMI,0.104,0.013,0.02,2
Stara-1.9713.MON-MPI,0.105,0.011,0.018,2
Staro-1.9757.MON-MPI,-0.146,0.071,0.017,3
Stilo-1.9662.MON-MPI,-0.148,0.075,0.019,3
Stw.0.SALK,0.039,0.013,-0.033,2
T1000.GMI,0.073,-0.008,0.012,2
T1070.GMI,0.073,-0.008,0.012,2
T1080.GMI,0.038,0.013,-0.028,2
T1090.GMI,-0.042,-0.033,0.058,1
T1110.GMI,0.073,-0.008,0.012,2
T1130.GMI,-0.09,-0.018,-0.016,1
T460.GMI,0.038,0.013,-0.028,2
T530.GMI,0.038,0.013,-0.028,2
T720.GMI,0.073,-0.008,0.012,2
T740.GMI,0.073,-0.008,0.012,2
T780.GMI,0.073,-0.008,0.012,2
T790.GMI,0.038,0.013,-0.028,2
T860.GMI,-0.122,0.04,0.005,3
T880.GMI,0.038,0.013,-0.028,2
TAAD-01.GMI,0.073,-0.008,0.012,2
TAAD-03.GMI,-0.122,0.04,0.005,3
TAAD-04.GMI,-0.122,0.04,0.005,3
TAAD-05.GMI,-0.122,0.04,0.005,3
TAAD-06.GMI,-0.122,0.04,0.005,3
Tamm-2.GMI,0.073,-0.008,0.012,2
Tamm.2.SALK,0.073,-0.008,0.006,2
Tamm.27.SALK,0.073,-0.008,0.012,2
TBO-01.GMI,0.073,-0.008,0.012,2
TDr-13.GMI,0.038,0.013,-0.028,2
TDr-7.GMI,0.038,0.013,-0.028,2
TEDEN-02.GMI,0.073,-0.008,0.012,2
TEDEN-03.GMI,0.073,-0.008,0.012,2
Teiu-2.9736.MON-MPI,0.073,-0.008,0.012,2
TFAE-07.GMI,-0.122,0.04,0.005,3
Tgr-01.GMI,0.073,-0.008,0.012,2
Tny-04.GMI,0.073,-0.008,0.012,2
TOM-04.GMI,-0.122,0.04,0.005,3
TOM-06.GMI,-0.122,0.04,0.005,3
TOM-07.GMI,-0.122,0.04,0.005,3
Tomegap-2.GMI,0.073,-0.008,0.012,2
Tottarp-2.GMI,-0.079,-0.032,-0.007,1
TOU-A1-88.350.MON-MPI,0.058,-0.016,0.023,2
TOU-A1-89.351.MON-MPI,0.104,0.013,0.02,2
TRAE-01.GMI,-0.122,0.04,0.005,3
TRE-1.9926.MON-MPI,0.038,0.013,-0.028,2
Tsu-0.WTC,0.038,0.013,-0.028,2
Tsu-1.MPI,0.038,0.013,-0.028,2
Tu-KS-7.9810.MON-MPI,0.038,0.013,-0.028,2
Tu-WH.9816.MON-MPI,0.038,0.013,-0.028,2
Tu.0.SALK,0.04,0.015,-0.031,2
TueSB30-3.MPI,0.038,0.013,-0.028,2
Tuescha9.MPI,-0.133,-0.157,-0.003,1
Tur-4.GMI,0.073,-0.008,0.012,2
TV-22.GMI,0.073,-0.008,0.012,2
TV-30.GMI,0.105,0.011,0.017,2
TV-7.GMI,0.073,-0.008,0.012,2
Ty-1.5784.MON-MPI,0.073,-0.008,0.012,2
UduI.6296.MON-MPI,0.038,0.013,-0.028,2
UduI.6390.MON-MPI,0.038,0.013,-0.028,2
UduI.6396.MON-MPI,0.038,0.013,-0.028,2
Uk.1.SALK,-0.079,-0.032,-0.007,1
UKID74.5779.MON-MPI,-0.079,-0.032,-0.006,1
UKNW06-003.5353.MON-MPI,0.038,0.013,-0.028,2
UKNW06-403.5577.MON-MPI,0.038,0.013,-0.028,2
UKSE06-362.5165.MON-MPI,0.138,0.023,0.037,2
UKSE06-432.5210.MON-MPI,-0.093,-0.022,-0.023,1
UKSE06-470.5236.MON-MPI,0.038,0.013,-0.028,2
UKSW06-179.4779.MON-MPI,0.107,0.012,0.02,2
UKSW06-302.4900.MON-MPI,0.038,0.013,-0.028,2
Ulies-1.9737.MON-MPI,0.105,0.011,0.018,2
Uod-2.8428.MON-MPI,-0.122,0.04,0.005,3
Vaar-1.GMI,0.038,0.013,-0.028,2
Vaar2-1.GMI,0.073,-0.008,0.012,2
Vaar2-6.GMI,0.073,-0.008,0.012,2
Vimmerby.GMI,0.073,-0.008,0.012,2
WAV-8.9938.MON-MPI,0.138,0.023,0.037,2
Wc.1.SALK,-0.122,0.04,0.005,3
Wil-2.WTC,0.073,-0.008,0.012,2
Xan-1.MPI,0.073,-0.008,0.012,2
Zagub-1.9748.MON-MPI,-0.042,-0.033,0.058,1
Zdarec3.403.MON-MPI,0.038,0.013,-0.028,2
Zdr.1.SALK,0.038,0.013,-0.028,2
ZdrI.6424.MON-MPI,-0.079,-0.032,-0.007,1
Zu-0.WTC,-0.079,-0.032,-0.007,1
Zu-1.7418.MON-MPI,-0.079,-0.031,-0.007,1
